Surface,Normalized,Reading,Dictionary,POS1,POS2,POS3,POS4,Conj_Type,Conj,OOV,B_Split,A_Split
プライバシーポリシー,プライバシーポリシー,プライバシーポリシー,プライバシーポリシー,名詞,固有名詞,一般,*,*,*,False,プライバシー-ポリシー,プライバシー-ポリシー
プライバシーポリシー,プライバシーポリシー,プライバシーポリシー,プライバシーポリシー,名詞,固有名詞,一般,*,*,*,False,プライバシー-ポリシー,プライバシー-ポリシー
個人情報,個人情報,コジンジョウホウ,個人情報,名詞,普通名詞,一般,*,*,*,False,個人-情報,個人-情報
利用目的,利用目的,リヨウモクテキ,利用目的,名詞,普通名詞,一般,*,*,*,False,利用-目的,利用-目的
当社,当社,トウシャ,当社,名詞,普通名詞,一般,*,*,*,False,*,*
サイト,サイト,サイト,サイト,名詞,普通名詞,一般,*,*,*,False,*,*
、,、,、,、,補助記号,読点,*,*,*,*,False,*,*
メール,メール,メール,メール,名詞,普通名詞,サ変可能,*,*,*,False,*,*
お,御,オ,お,接頭辞,*,*,*,*,*,False,*,*
問い合わせ,問い合わせる,トイアワセ,問い合わせる,動詞,一般,*,*,下一段-サ行,連用形-一般,False,*,問い-合わせ
、,、,、,、,補助記号,読点,*,*,*,*,False,*,*
コメント,コメント,コメント,コメント,名詞,普通名詞,サ変可能,*,*,*,False,*,*
投稿,投稿,トウコウ,投稿,名詞,普通名詞,サ変可能,*,*,*,False,*,*
際,際,サイ,際,名詞,普通名詞,副詞可能,*,*,*,False,*,*
、,、,、,、,補助記号,読点,*,*,*,*,False,*,*
名前,名前,ナマエ,名前,名詞,普通名詞,一般,*,*,*,False,*,*
、,、,、,、,補助記号,読点,*,*,*,*,False,*,*
メールアドレス,メールアドレス,メールアドレス,メールアドレス,名詞,普通名詞,一般,*,*,*,False,メール-アドレス,メール-アドレス
等,等,トウ,等,接尾辞,名詞的,一般,*,*,*,False,*,*
個人情報,個人情報,コジンジョウホウ,個人情報,名詞,普通名詞,一般,*,*,*,False,個人-情報,個人-情報
ご,御,ゴ,ご,接頭辞,*,*,*,*,*,False,*,*
登録,登録,トウロク,登録,名詞,普通名詞,サ変可能,*,*,*,False,*,*
いただく,頂く,イタダク,いただく,動詞,非自立可能,*,*,五段-カ行,連体形-一般,False,*,*
場合,場合,バアイ,場合,名詞,普通名詞,副詞可能,*,*,*,False,*,*
ござい,御座る,ゴザイ,ござる,動詞,非自立可能,*,*,五段-ラ行,連用形-イ音便,False,*,*
。,。,。,。,補助記号,句点,*,*,*,*,False,*,*
これ,此れ,コレ,これ,代名詞,*,*,*,*,*,False,*,*
ら,等,ラ,ら,接尾辞,名詞的,一般,*,*,*,False,*,*
個人情報,個人情報,コジンジョウホウ,個人情報,名詞,普通名詞,一般,*,*,*,False,個人-情報,個人-情報
質問,質問,シツモン,質問,名詞,普通名詞,サ変可能,*,*,*,False,*,*
対する,対する,タイスル,対する,動詞,一般,*,*,サ行変格,連体形-一般,False,*,*
回答,回答,カイトウ,回答,名詞,普通名詞,サ変可能,*,*,*,False,*,*
必要,必要,ヒツヨウ,必要,名詞,普通名詞,形状詞可能,*,*,*,False,*,*
情報,情報,ジョウホウ,情報,名詞,普通名詞,一般,*,*,*,False,*,*
電子メール,電子メール,デンシメール,電子メール,名詞,普通名詞,一般,*,*,*,False,電子-メール,電子-メール
ご,御,ゴ,ご,接頭辞,*,*,*,*,*,False,*,*
連絡,連絡,レンラク,連絡,名詞,普通名詞,サ変可能,*,*,*,False,*,*
する,為る,スル,する,動詞,非自立可能,*,*,サ行変格,連体形-一般,False,*,*
場合,場合,バアイ,場合,名詞,普通名詞,副詞可能,*,*,*,False,*,*
利用,利用,リヨウ,利用,名詞,普通名詞,サ変可能,*,*,*,False,*,*
さ,為る,サ,する,動詞,非自立可能,*,*,サ行変格,未然形-サ,False,*,*
いただく,頂く,イタダク,いただく,動詞,非自立可能,*,*,五段-カ行,連体形-一般,False,*,*
もの,物,モノ,もの,名詞,普通名詞,サ変可能,*,*,*,False,*,*
あり,有る,アリ,ある,動詞,非自立可能,*,*,五段-ラ行,連用形-一般,False,*,*
、,、,、,、,補助記号,読点,*,*,*,*,False,*,*
目的,目的,モクテキ,目的,名詞,普通名詞,一般,*,*,*,False,*,*
以外,以外,イガイ,以外,名詞,普通名詞,副詞可能,*,*,*,False,*,*
利用,利用,リヨウ,利用,名詞,普通名詞,サ変可能,*,*,*,False,*,*
いたし,致す,イタシ,いたす,動詞,非自立可能,*,*,五段-サ行,連用形-一般,False,*,*
。,。,。,。,補助記号,句点,*,*,*,*,False,*,*
個人情報,個人情報,コジンジョウホウ,個人情報,名詞,普通名詞,一般,*,*,*,False,個人-情報,個人-情報
第,第,ダイ,第,接頭辞,*,*,*,*,*,False,*,*
三,3,サン,三,名詞,数詞,*,*,*,*,True,*,*
者,者,シャ,者,接尾辞,名詞的,一般,*,*,*,False,*,*
開示,開示,カイジ,開示,名詞,普通名詞,サ変可能,*,*,*,False,*,*
当社,当社,トウシャ,当社,名詞,普通名詞,一般,*,*,*,False,*,*
サイト,サイト,サイト,サイト,名詞,普通名詞,一般,*,*,*,False,*,*
、,、,、,、,補助記号,読点,*,*,*,*,False,*,*
個人情報,個人情報,コジンジョウホウ,個人情報,名詞,普通名詞,一般,*,*,*,False,個人-情報,個人-情報
適切,適切,テキセツ,適切,形状詞,一般,*,*,*,*,False,*,*
管理,管理,カンリ,管理,名詞,普通名詞,サ変可能,*,*,*,False,*,*
し,為る,シ,する,動詞,非自立可能,*,*,サ行変格,連用形-一般,False,*,*
、,、,、,、,補助記号,読点,*,*,*,*,False,*,*
以下,以下,イカ,以下,名詞,普通名詞,一般,*,*,*,False,*,*
該当,該当,ガイトウ,該当,名詞,普通名詞,サ変可能,*,*,*,False,*,*
する,為る,スル,する,動詞,非自立可能,*,*,サ行変格,連体形-一般,False,*,*
場合,場合,バアイ,場合,名詞,普通名詞,副詞可能,*,*,*,False,*,*
除い,除く,ノゾイ,除く,動詞,一般,*,*,五段-カ行,連用形-イ音便,False,*,*
第,第,ダイ,第,接頭辞,*,*,*,*,*,False,*,*
三,3,サン,三,名詞,数詞,*,*,*,*,True,*,*
者,者,シャ,者,接尾辞,名詞的,一般,*,*,*,False,*,*
開示,開示,カイジ,開示,名詞,普通名詞,サ変可能,*,*,*,False,*,*
する,為る,スル,する,動詞,非自立可能,*,*,サ行変格,連体形-一般,False,*,*
あり,有る,アリ,ある,動詞,非自立可能,*,*,五段-ラ行,連用形-一般,False,*,*
。,。,。,。,補助記号,句点,*,*,*,*,False,*,*
本人,本人,ホンニン,本人,名詞,普通名詞,一般,*,*,*,False,*,*
ご,御,ゴ,ご,接頭辞,*,*,*,*,*,False,*,*
了解,了解,リョウカイ,了解,名詞,普通名詞,サ変可能,*,*,*,False,*,*
ある,有る,アル,ある,動詞,非自立可能,*,*,五段-ラ行,連体形-一般,False,*,*
場合,場合,バアイ,場合,名詞,普通名詞,副詞可能,*,*,*,False,*,*
法令,法令,ホウレイ,法令,名詞,普通名詞,一般,*,*,*,False,*,*
等,等,トウ,等,接尾辞,名詞的,一般,*,*,*,False,*,*
協力,協力,キョウリョク,協力,名詞,普通名詞,サ変可能,*,*,*,False,*,*
ため,為,タメ,ため,名詞,普通名詞,副詞可能,*,*,*,False,*,*
、,、,、,、,補助記号,読点,*,*,*,*,False,*,*
開示,開示,カイジ,開示,名詞,普通名詞,サ変可能,*,*,*,False,*,*
必要,必要,ヒツヨウ,必要,名詞,普通名詞,形状詞可能,*,*,*,False,*,*
なる,成る,ナル,なる,動詞,非自立可能,*,*,五段-ラ行,連体形-一般,False,*,*
場合,場合,バアイ,場合,名詞,普通名詞,副詞可能,*,*,*,False,*,*
個人情報,個人情報,コジンジョウホウ,個人情報,名詞,普通名詞,一般,*,*,*,False,個人-情報,個人-情報
開示,開示,カイジ,開示,名詞,普通名詞,サ変可能,*,*,*,False,*,*
、,、,、,、,補助記号,読点,*,*,*,*,False,*,*
訂正,訂正,テイセイ,訂正,名詞,普通名詞,サ変可能,*,*,*,False,*,*
、,、,、,、,補助記号,読点,*,*,*,*,False,*,*
追加,追加,ツイカ,追加,名詞,普通名詞,サ変可能,*,*,*,False,*,*
、,、,、,、,補助記号,読点,*,*,*,*,False,*,*
削除,削除,サクジョ,削除,名詞,普通名詞,サ変可能,*,*,*,False,*,*
、,、,、,、,補助記号,読点,*,*,*,*,False,*,*
利用,利用,リヨウ,利用,名詞,普通名詞,サ変可能,*,*,*,False,*,*
停止,停止,テイシ,停止,名詞,普通名詞,サ変可能,*,*,*,False,*,*
ご,御,ゴ,ご,接頭辞,*,*,*,*,*,False,*,*
本人,本人,ホンニン,本人,名詞,普通名詞,一般,*,*,*,False,*,*
個人データ,個人データ,コジンデータ,個人データ,名詞,普通名詞,一般,*,*,*,False,個人-データ,個人-データ
開示,開示,カイジ,開示,名詞,普通名詞,サ変可能,*,*,*,False,*,*
、,、,、,、,補助記号,読点,*,*,*,*,False,*,*
訂正,訂正,テイセイ,訂正,名詞,普通名詞,サ変可能,*,*,*,False,*,*
、,、,、,、,補助記号,読点,*,*,*,*,False,*,*
追加,追加,ツイカ,追加,名詞,普通名詞,サ変可能,*,*,*,False,*,*
、,、,、,、,補助記号,読点,*,*,*,*,False,*,*
削除,削除,サクジョ,削除,名詞,普通名詞,サ変可能,*,*,*,False,*,*
、,、,、,、,補助記号,読点,*,*,*,*,False,*,*
利用,利用,リヨウ,利用,名詞,普通名詞,サ変可能,*,*,*,False,*,*
停止,停止,テイシ,停止,名詞,普通名詞,サ変可能,*,*,*,False,*,*
ご,御,ゴ,ご,接頭辞,*,*,*,*,*,False,*,*
希望,希望,キボウ,希望,名詞,普通名詞,サ変可能,*,*,*,False,*,*
場合,場合,バアイ,場合,名詞,普通名詞,副詞可能,*,*,*,False,*,*
、,、,、,、,補助記号,読点,*,*,*,*,False,*,*
ご,御,ゴ,ご,接頭辞,*,*,*,*,*,False,*,*
本人,本人,ホンニン,本人,名詞,普通名詞,一般,*,*,*,False,*,*
ある,有る,アル,ある,動詞,非自立可能,*,*,五段-ラ行,連体形-一般,False,*,*
確認,確認,カクニン,確認,名詞,普通名詞,サ変可能,*,*,*,False,*,*
さ,為る,サ,する,動詞,非自立可能,*,*,サ行変格,未然形-サ,False,*,*
いただい,頂く,イタダイ,いただく,動詞,非自立可能,*,*,五段-カ行,連用形-イ音便,False,*,*
上,上,ウエ,上,名詞,普通名詞,副詞可能,*,*,*,False,*,*
、,、,、,、,補助記号,読点,*,*,*,*,False,*,*
速やか,速やか,スミヤカ,速やか,形状詞,一般,*,*,*,*,False,*,*
対応,対応,タイオウ,対応,名詞,普通名詞,サ変可能,*,*,*,False,*,*
さ,為る,サ,する,動詞,非自立可能,*,*,サ行変格,未然形-サ,False,*,*
いただき,頂く,イタダキ,いただく,動詞,非自立可能,*,*,五段-カ行,連用形-一般,False,*,*
。,。,。,。,補助記号,句点,*,*,*,*,False,*,*
クッキー,クッキー,クッキー,クッキー,名詞,普通名詞,一般,*,*,*,False,*,*
Cookie,Cookie,クッキー,Cookie,名詞,固有名詞,一般,*,*,*,False,*,*
つい,つく,ツイ,つく,動詞,一般,*,*,五段-カ行,連用形-イ音便,False,*,*
当社,当社,トウシャ,当社,名詞,普通名詞,一般,*,*,*,False,*,*
サイト,サイト,サイト,サイト,名詞,普通名詞,一般,*,*,*,False,*,*
、,、,、,、,補助記号,読点,*,*,*,*,False,*,*
一部,一部,イチブ,一部,名詞,普通名詞,副詞可能,*,*,*,False,*,*
コンテンツ,コンテンツ,コンテンツ,コンテンツ,名詞,普通名詞,一般,*,*,*,False,*,*
つい,つく,ツイ,つく,動詞,一般,*,*,五段-カ行,連用形-イ音便,False,*,*
Cookie,cookie,クッキー,cookie,名詞,普通名詞,一般,*,*,*,False,*,*
クッキー,クッキー,クッキー,クッキー,名詞,普通名詞,一般,*,*,*,False,*,*
利用,利用,リヨウ,利用,名詞,普通名詞,サ変可能,*,*,*,False,*,*
し,為る,シ,する,動詞,非自立可能,*,*,サ行変格,連用形-一般,False,*,*
い,居る,イ,いる,動詞,非自立可能,*,*,上一段-ア行,連用形-一般,False,*,*
。,。,。,。,補助記号,句点,*,*,*,*,False,*,*
Cookie,Cookie,クッキー,Cookie,名詞,固有名詞,一般,*,*,*,False,*,*
、,、,、,、,補助記号,読点,*,*,*,*,False,*,*
サイト,サイト,サイト,サイト,名詞,普通名詞,一般,*,*,*,False,*,*
アクセス,アクセス,アクセス,アクセス,名詞,普通名詞,サ変可能,*,*,*,False,*,*
し,為る,シ,する,動詞,非自立可能,*,*,サ行変格,連用形-一般,False,*,*
際,際,サイ,際,名詞,普通名詞,副詞可能,*,*,*,False,*,*
ブラウザ,ブラウザ,ブラウザ,ブラウザ,名詞,普通名詞,一般,*,*,*,False,*,*
保存,保存,ホゾン,保存,名詞,普通名詞,サ変可能,*,*,*,False,*,*
さ,為る,サ,する,動詞,非自立可能,*,*,サ行変格,未然形-サ,False,*,*
情報,情報,ジョウホウ,情報,名詞,普通名詞,一般,*,*,*,False,*,*
、,、,、,、,補助記号,読点,*,*,*,*,False,*,*
お,御,オ,お,接頭辞,*,*,*,*,*,False,*,*
名前,名前,ナマエ,名前,名詞,普通名詞,一般,*,*,*,False,*,*
メールアドレス,メールアドレス,メールアドレス,メールアドレス,名詞,普通名詞,一般,*,*,*,False,メール-アドレス,メール-アドレス
等,等,トウ,等,接尾辞,名詞的,一般,*,*,*,False,*,*
個人情報,個人情報,コジンジョウホウ,個人情報,名詞,普通名詞,一般,*,*,*,False,個人-情報,個人-情報
含ま,含む,フクマ,含む,動詞,一般,*,*,五段-マ行,未然形-一般,False,*,*
。,。,。,。,補助記号,句点,*,*,*,*,False,*,*
当社,当社,トウシャ,当社,名詞,普通名詞,一般,*,*,*,False,*,*
サイト,サイト,サイト,サイト,名詞,普通名詞,一般,*,*,*,False,*,*
アクセス,アクセス,アクセス,アクセス,名詞,普通名詞,サ変可能,*,*,*,False,*,*
いただい,頂く,イタダイ,いただく,動詞,非自立可能,*,*,五段-カ行,連用形-イ音便,False,*,*
方々,方々,カタガタ,方々,名詞,普通名詞,一般,*,*,*,False,*,*
利便性,利便性,リベンセイ,利便性,名詞,普通名詞,一般,*,*,*,False,*,利便-性
向上,向上,コウジョウ,向上,名詞,普通名詞,サ変可能,*,*,*,False,*,*
、,、,、,、,補助記号,読点,*,*,*,*,False,*,*
効果的,効果的,コウカテキ,効果的,名詞,普通名詞,形状詞可能,*,*,*,False,*,効果-的
広告,広告,コウコク,広告,名詞,普通名詞,サ変可能,*,*,*,False,*,*
配信,配信,ハイシン,配信,名詞,普通名詞,サ変可能,*,*,*,False,*,*
する,為る,スル,する,動詞,非自立可能,*,*,サ行変格,連体形-一般,False,*,*
ため,為,タメ,ため,名詞,普通名詞,副詞可能,*,*,*,False,*,*
、,、,、,、,補助記号,読点,*,*,*,*,False,*,*
アクセス解析,アクセス解析,アクセスカイセキ,アクセス解析,名詞,固有名詞,一般,*,*,*,False,アクセス-解析,アクセス-解析
等,等,トウ,等,接尾辞,名詞的,一般,*,*,*,False,*,*
Cookie,Cookie,クッキー,Cookie,名詞,固有名詞,一般,*,*,*,False,*,*
情報,情報,ジョウホウ,情報,名詞,普通名詞,一般,*,*,*,False,*,*
利用,利用,リヨウ,利用,名詞,普通名詞,サ変可能,*,*,*,False,*,*
さ,為る,サ,する,動詞,非自立可能,*,*,サ行変格,未然形-サ,False,*,*
いただく,頂く,イタダク,いただく,動詞,非自立可能,*,*,五段-カ行,連体形-一般,False,*,*
場合,場合,バアイ,場合,名詞,普通名詞,副詞可能,*,*,*,False,*,*
あり,有る,アリ,ある,動詞,非自立可能,*,*,五段-ラ行,連用形-一般,False,*,*
。,。,。,。,補助記号,句点,*,*,*,*,False,*,*
ブラウザ,ブラウザ,ブラウザ,ブラウザ,名詞,普通名詞,一般,*,*,*,False,*,*
設定,設定,セッテイ,設定,名詞,普通名詞,サ変可能,*,*,*,False,*,*
より,よる,ヨリ,よる,動詞,一般,*,*,五段-ラ行,連用形-一般,False,*,*
、,、,、,、,補助記号,読点,*,*,*,*,False,*,*
Cookie,cookie,クッキー,cookie,名詞,普通名詞,一般,*,*,*,False,*,*
使用,使用,シヨウ,使用,名詞,普通名詞,サ変可能,*,*,*,False,*,*
し,為る,シ,する,動詞,非自立可能,*,*,サ行変格,未然形-一般,False,*,*
する,為る,スル,する,動詞,非自立可能,*,*,サ行変格,連体形-一般,False,*,*
可能,可能,カノウ,可能,形状詞,一般,*,*,*,*,False,*,*
。,。,。,。,補助記号,句点,*,*,*,*,False,*,*
広告,広告,コウコク,広告,名詞,普通名詞,サ変可能,*,*,*,False,*,*
配信,配信,ハイシン,配信,名詞,普通名詞,サ変可能,*,*,*,False,*,*
つい,つく,ツイ,つく,動詞,一般,*,*,五段-カ行,連用形-イ音便,False,*,*
当社,当社,トウシャ,当社,名詞,普通名詞,一般,*,*,*,False,*,*
サイト,サイト,サイト,サイト,名詞,普通名詞,一般,*,*,*,False,*,*
第,第,ダイ,第,接頭辞,*,*,*,*,*,False,*,*
三,3,サン,三,名詞,数詞,*,*,*,*,True,*,*
者,者,シャ,者,接尾辞,名詞的,一般,*,*,*,False,*,*
配信,配信,ハイシン,配信,名詞,普通名詞,サ変可能,*,*,*,False,*,*
広告,広告,コウコク,広告,名詞,普通名詞,サ変可能,*,*,*,False,*,*
サービス,サービス,サービス,サービス,名詞,普通名詞,サ変可能,*,*,*,False,*,*
利用,利用,リヨウ,利用,名詞,普通名詞,サ変可能,*,*,*,False,*,*
し,為る,シ,する,動詞,非自立可能,*,*,サ行変格,連用形-一般,False,*,*
い,居る,イ,いる,動詞,非自立可能,*,*,上一段-ア行,連用形-一般,False,*,*
。,。,。,。,補助記号,句点,*,*,*,*,False,*,*
広告,広告,コウコク,広告,名詞,普通名詞,サ変可能,*,*,*,False,*,*
配信,配信,ハイシン,配信,名詞,普通名詞,サ変可能,*,*,*,False,*,*
事業者,事業者,ジギョウシャ,事業者,名詞,普通名詞,一般,*,*,*,False,*,事業-者
、,、,、,、,補助記号,読点,*,*,*,*,False,*,*
ユーザー,ユーザー,ユーザー,ユーザー,名詞,普通名詞,一般,*,*,*,False,*,*
興味,興味,キョウミ,興味,名詞,普通名詞,一般,*,*,*,False,*,*
応じ,応じる,オウジ,応ずる,動詞,一般,*,*,サ行変格,連用形-一般,False,*,*
広告,広告,コウコク,広告,名詞,普通名詞,サ変可能,*,*,*,False,*,*
表示,表示,ヒョウジ,表示,名詞,普通名詞,サ変可能,*,*,*,False,*,*
する,為る,スル,する,動詞,非自立可能,*,*,サ行変格,連体形-一般,False,*,*
ため,為,タメ,ため,名詞,普通名詞,副詞可能,*,*,*,False,*,*
Cookie,Cookie,クッキー,Cookie,名詞,固有名詞,一般,*,*,*,False,*,*
クッキー,クッキー,クッキー,クッキー,名詞,普通名詞,一般,*,*,*,False,*,*
使用,使用,シヨウ,使用,名詞,普通名詞,サ変可能,*,*,*,False,*,*
する,為る,スル,する,動詞,非自立可能,*,*,サ行変格,連体形-一般,False,*,*
あり,有る,アリ,ある,動詞,非自立可能,*,*,五段-ラ行,連用形-一般,False,*,*
。,。,。,。,補助記号,句点,*,*,*,*,False,*,*
Google Adsense,Google AdSense,グーグルアドセンス,Google AdSense,名詞,固有名詞,一般,*,*,*,False,*,*
グーグルアドセンス,グーグルアドセンス,グーグルアドセンス,グーグルアドセンス,名詞,普通名詞,一般,*,*,*,False,*,*
関し,関する,カンシ,関する,動詞,一般,*,*,サ行変格,連用形-一般,False,*,*
Cookie,Cookie,クッキー,Cookie,名詞,固有名詞,一般,*,*,*,False,*,*
クッキー,クッキー,クッキー,クッキー,名詞,普通名詞,一般,*,*,*,False,*,*
無効,無効,ムコウ,無効,名詞,普通名詞,形状詞可能,*,*,*,False,*,*
する,為る,スル,する,動詞,非自立可能,*,*,サ行変格,連体形-一般,False,*,*
設定,設定,セッテイ,設定,名詞,普通名詞,サ変可能,*,*,*,False,*,*
Google,Google,グーグル,Google,名詞,固有名詞,一般,*,*,*,False,*,*
アドセンス,アドセンス,アドセンス,アドセンス,名詞,普通名詞,一般,*,*,*,False,*,*
関する,関する,カンスル,関する,動詞,一般,*,*,サ行変格,連体形-一般,False,*,*
詳細,詳細,ショウサイ,詳細,名詞,普通名詞,形状詞可能,*,*,*,False,*,*
ポリシー,ポリシー,ポリシー,ポリシー,名詞,普通名詞,一般,*,*,*,False,*,*
規約,規約,キヤク,規約,名詞,普通名詞,一般,*,*,*,False,*,*
ご覧,御覧,ゴラン,ご覧,名詞,普通名詞,一般,*,*,*,False,*,*
ください,下さる,クダサイ,くださる,動詞,非自立可能,*,*,五段-ラ行,命令形,False,*,*
。,。,。,。,補助記号,句点,*,*,*,*,False,*,*
アフィリエイト,アフィリエイト,アフィリエイト,アフィリエイト,名詞,普通名詞,一般,*,*,*,False,*,*
広告,広告,コウコク,広告,名詞,普通名詞,サ変可能,*,*,*,False,*,*
関する,関する,カンスル,関する,動詞,一般,*,*,サ行変格,連体形-一般,False,*,*
情報,情報,ジョウホウ,情報,名詞,普通名詞,一般,*,*,*,False,*,*
１,1,イチ,1,名詞,数詞,*,*,*,*,False,*,*
．,.,．,.,補助記号,句点,*,*,*,*,False,*,*
送信先,送信先,ソウシンサキ,送信先,名詞,普通名詞,一般,*,*,*,False,*,送信-先
なる,成る,ナル,なる,動詞,非自立可能,*,*,五段-ラ行,連体形-一般,False,*,*
事業者,事業者,ジギョウシャ,事業者,名詞,普通名詞,一般,*,*,*,False,*,事業-者
氏名,氏名,シメイ,氏名,名詞,普通名詞,一般,*,*,*,False,*,*
又,又,マタ,又,接続詞,*,*,*,*,*,False,*,*
名称,名称,メイショウ,名称,名詞,普通名詞,一般,*,*,*,False,*,*
株式会社,株式会社,カブシキガイシャ,株式会社,名詞,普通名詞,一般,*,*,*,False,株式-会社,株式-会社
ADWAYS,アドウェイズ,アドウェイズ,adways,名詞,固有名詞,一般,*,*,*,False,*,*
DEEE,deee,deee,deee,名詞,普通名詞,一般,*,*,*,True,*,*
２,2,ニ,2,名詞,数詞,*,*,*,*,False,*,*
．,.,．,.,補助記号,句点,*,*,*,*,False,*,*
送信,送信,ソウシン,送信,名詞,普通名詞,サ変可能,*,*,*,False,*,*
さ,為る,サ,する,動詞,非自立可能,*,*,サ行変格,未然形-サ,False,*,*
情報,情報,ジョウホウ,情報,名詞,普通名詞,一般,*,*,*,False,*,*
内容,内容,ナイヨウ,内容,名詞,普通名詞,一般,*,*,*,False,*,*
IPアドレス,IPアドレス,アイピーアドレス,IPアドレス,名詞,普通名詞,一般,*,*,*,False,IP-アドレス,IP-アドレス
ユーザーエージェント,ユーザーエージェント,ユーザーエージェント,ユーザーエージェント,名詞,固有名詞,一般,*,*,*,False,ユーザー-エージェント,ユーザー-エージェント
クッキー,クッキー,クッキー,クッキー,名詞,普通名詞,一般,*,*,*,False,*,*
情報,情報,ジョウホウ,情報,名詞,普通名詞,一般,*,*,*,False,*,*
成果,成果,セイカ,成果,名詞,普通名詞,一般,*,*,*,False,*,*
結果,結果,ケッカ,結果,名詞,普通名詞,副詞可能,*,*,*,False,*,*
情報,情報,ジョウホウ,情報,名詞,普通名詞,一般,*,*,*,False,*,*
広告,広告,コウコク,広告,名詞,普通名詞,サ変可能,*,*,*,False,*,*
成果,成果,セイカ,成果,名詞,普通名詞,一般,*,*,*,False,*,*
毎,毎,ゴト,毎,接尾辞,名詞的,一般,*,*,*,False,*,*
識別子,識別子,シキベツシ,識別子,名詞,普通名詞,一般,*,*,*,False,*,識別-子
３,3,サン,3,名詞,数詞,*,*,*,*,False,*,*
．,.,．,.,補助記号,句点,*,*,*,*,False,*,*
送信,送信,ソウシン,送信,名詞,普通名詞,サ変可能,*,*,*,False,*,*
さ,為る,サ,する,動詞,非自立可能,*,*,サ行変格,未然形-サ,False,*,*
情報,情報,ジョウホウ,情報,名詞,普通名詞,一般,*,*,*,False,*,*
利用目的,利用目的,リヨウモクテキ,利用目的,名詞,普通名詞,一般,*,*,*,False,利用-目的,利用-目的
広告,広告,コウコク,広告,名詞,普通名詞,サ変可能,*,*,*,False,*,*
配信,配信,ハイシン,配信,名詞,普通名詞,サ変可能,*,*,*,False,*,*
係る,掛かる,カカル,係る,動詞,非自立可能,*,*,五段-ラ行,連体形-一般,False,*,*
成果,成果,セイカ,成果,名詞,普通名詞,一般,*,*,*,False,*,*
計測,計測,ケイソク,計測,名詞,普通名詞,サ変可能,*,*,*,False,*,*
、,、,、,、,補助記号,読点,*,*,*,*,False,*,*
広告,広告,コウコク,広告,名詞,普通名詞,サ変可能,*,*,*,False,*,*
配信,配信,ハイシン,配信,名詞,普通名詞,サ変可能,*,*,*,False,*,*
係る,掛かる,カカル,係る,動詞,非自立可能,*,*,五段-ラ行,連体形-一般,False,*,*
不正,不正,フセイ,不正,名詞,普通名詞,形状詞可能,*,*,*,False,*,*
防止,防止,ボウシ,防止,名詞,普通名詞,サ変可能,*,*,*,False,*,*
広告,広告,コウコク,広告,名詞,普通名詞,サ変可能,*,*,*,False,*,*
配信,配信,ハイシン,配信,名詞,普通名詞,サ変可能,*,*,*,False,*,*
事業者,事業者,ジギョウシャ,事業者,名詞,普通名詞,一般,*,*,*,False,*,事業-者
利用者,利用者,リヨウシャ,利用者,名詞,普通名詞,一般,*,*,*,False,*,利用-者
情報,情報,ジョウホウ,情報,名詞,普通名詞,一般,*,*,*,False,*,*
取り扱い,取り扱い,トリアツカイ,取り扱い,名詞,普通名詞,一般,*,*,*,False,*,*
関し,関する,カンシ,関する,動詞,一般,*,*,サ行変格,連用形-一般,False,*,*
下記,下記,カキ,下記,名詞,普通名詞,一般,*,*,*,False,*,*
リンク先,リンク先,リンクサキ,リンク先,名詞,普通名詞,一般,*,*,*,False,*,リンク-先
ご,御,ゴ,ご,接頭辞,*,*,*,*,*,False,*,*
確認,確認,カクニン,確認,名詞,普通名詞,サ変可能,*,*,*,False,*,*
ください,下さる,クダサイ,くださる,動詞,非自立可能,*,*,五段-ラ行,命令形,False,*,*
。,。,。,。,補助記号,句点,*,*,*,*,False,*,*
株式会社,株式会社,カブシキガイシャ,株式会社,名詞,普通名詞,一般,*,*,*,False,株式-会社,株式-会社
FLUX,フラックス,フラックス,flux,名詞,普通名詞,一般,*,*,*,False,*,*
https,HTTPS,エイチティーティーピーエス,HTTPS,名詞,固有名詞,一般,*,*,*,False,*,*
flux,フラックス,フラックス,flux,名詞,普通名詞,一般,*,*,*,False,*,*
g,g,グラム,g,名詞,普通名詞,助数詞可能,*,*,*,False,*,*
.,.,．,.,補助記号,句点,*,*,*,*,False,*,*
com,com,コム,com,名詞,普通名詞,一般,*,*,*,False,*,*
autostream,autostream,autostream,autostream,名詞,普通名詞,一般,*,*,*,True,*,*
devicepolicy,devicepolicy,devicepolicy,devicepolicy,名詞,普通名詞,一般,*,*,*,True,*,*
株式会社,株式会社,カブシキガイシャ,株式会社,名詞,普通名詞,一般,*,*,*,False,株式-会社,株式-会社
アイモバイル,アイモバイル,アイモバイル,アイモバイル,名詞,普通名詞,一般,*,*,*,False,*,*
https,HTTPS,エイチティーティーピーエス,HTTPS,名詞,固有名詞,一般,*,*,*,False,*,*
www,WWW,ダブリューダブリューダブリュー,WWW,名詞,普通名詞,一般,*,*,*,False,*,*
.,.,．,.,補助記号,句点,*,*,*,*,False,*,*
i,I,アイ,I,名詞,普通名詞,一般,*,*,*,False,*,*
mobile,Mobile,mobile,Mobile,名詞,普通名詞,一般,*,*,*,False,*,*
.co.jp,.co.jp,シーオージェーピー,.co.jp,記号,一般,*,*,*,*,False,*,*
privacy,プライバシー,プライバシー,privacy,名詞,普通名詞,一般,*,*,*,False,*,*
.,.,．,.,補助記号,句点,*,*,*,*,False,*,*
html,HTML,エイチティーエムエル,HTML,名詞,普通名詞,一般,*,*,*,False,*,*
https,HTTPS,エイチティーティーピーエス,HTTPS,名詞,固有名詞,一般,*,*,*,False,*,*
www,WWW,ダブリューダブリューダブリュー,WWW,名詞,普通名詞,一般,*,*,*,False,*,*
.,.,．,.,補助記号,句点,*,*,*,*,False,*,*
i,I,アイ,I,名詞,普通名詞,一般,*,*,*,False,*,*
mobile,Mobile,mobile,Mobile,名詞,普通名詞,一般,*,*,*,False,*,*
.co.jp,.co.jp,シーオージェーピー,.co.jp,記号,一般,*,*,*,*,False,*,*
optout,optout,optout,optout,名詞,普通名詞,一般,*,*,*,True,*,*
.,.,．,.,補助記号,句点,*,*,*,*,False,*,*
html,HTML,エイチティーエムエル,HTML,名詞,普通名詞,一般,*,*,*,False,*,*
アクセス解析,アクセス解析,アクセスカイセキ,アクセス解析,名詞,固有名詞,一般,*,*,*,False,アクセス-解析,アクセス-解析
ツール,ツール,ツール,ツール,名詞,普通名詞,一般,*,*,*,False,*,*
つい,つく,ツイ,つく,動詞,一般,*,*,五段-カ行,連用形-イ音便,False,*,*
当社,当社,トウシャ,当社,名詞,普通名詞,一般,*,*,*,False,*,*
サイト,サイト,サイト,サイト,名詞,普通名詞,一般,*,*,*,False,*,*
、,、,、,、,補助記号,読点,*,*,*,*,False,*,*
Google,Google,グーグル,Google,名詞,固有名詞,一般,*,*,*,False,*,*
よる,よる,ヨル,よる,動詞,一般,*,*,五段-ラ行,連体形-一般,False,*,*
アクセス解析,アクセス解析,アクセスカイセキ,アクセス解析,名詞,固有名詞,一般,*,*,*,False,アクセス-解析,アクセス-解析
ツール,ツール,ツール,ツール,名詞,普通名詞,一般,*,*,*,False,*,*
Google,Google,グーグル,Google,名詞,固有名詞,一般,*,*,*,False,*,*
アナリティクス,アナリティクス,アナリティクス,アナリティクス,名詞,普通名詞,一般,*,*,*,True,*,*
利用,利用,リヨウ,利用,名詞,普通名詞,サ変可能,*,*,*,False,*,*
し,為る,シ,する,動詞,非自立可能,*,*,サ行変格,連用形-一般,False,*,*
い,居る,イ,いる,動詞,非自立可能,*,*,上一段-ア行,連用形-一般,False,*,*
。,。,。,。,補助記号,句点,*,*,*,*,False,*,*
この,此の,コノ,この,連体詞,*,*,*,*,*,False,*,*
Google,Google,グーグル,Google,名詞,固有名詞,一般,*,*,*,False,*,*
アナリティクス,アナリティクス,アナリティクス,アナリティクス,名詞,普通名詞,一般,*,*,*,True,*,*
トラフィック,トラフィック,トラフィック,トラフィック,名詞,普通名詞,一般,*,*,*,False,*,*
データ,データ,データ,データ,名詞,普通名詞,一般,*,*,*,False,*,*
収集,収集,シュウシュウ,収集,名詞,普通名詞,サ変可能,*,*,*,False,*,*
ため,為,タメ,ため,名詞,普通名詞,副詞可能,*,*,*,False,*,*
Cookie,cookie,クッキー,cookie,名詞,普通名詞,一般,*,*,*,False,*,*
使用,使用,シヨウ,使用,名詞,普通名詞,サ変可能,*,*,*,False,*,*
し,為る,シ,する,動詞,非自立可能,*,*,サ行変格,連用形-一般,False,*,*
い,居る,イ,いる,動詞,非自立可能,*,*,上一段-ア行,連用形-一般,False,*,*
。,。,。,。,補助記号,句点,*,*,*,*,False,*,*
この,此の,コノ,この,連体詞,*,*,*,*,*,False,*,*
トラフィック,トラフィック,トラフィック,トラフィック,名詞,普通名詞,一般,*,*,*,False,*,*
データ,データ,データ,データ,名詞,普通名詞,一般,*,*,*,False,*,*
匿名,匿名,トクメイ,匿名,名詞,普通名詞,一般,*,*,*,False,*,*
収集,収集,シュウシュウ,収集,名詞,普通名詞,サ変可能,*,*,*,False,*,*
さ,為る,サ,する,動詞,非自立可能,*,*,サ行変格,未然形-サ,False,*,*
おり,おる,オリ,おる,動詞,非自立可能,*,*,五段-ラ行,連用形-一般,False,*,*
、,、,、,、,補助記号,読点,*,*,*,*,False,*,*
個人,個人,コジン,個人,名詞,普通名詞,一般,*,*,*,False,*,*
特定,特定,トクテイ,特定,名詞,普通名詞,サ変可能,*,*,*,False,*,*
する,為る,スル,する,動詞,非自立可能,*,*,サ行変格,連体形-一般,False,*,*
もの,物,モノ,もの,名詞,普通名詞,サ変可能,*,*,*,False,*,*
あり,有る,アリ,ある,動詞,非自立可能,*,*,五段-ラ行,連用形-一般,False,*,*
。,。,。,。,補助記号,句点,*,*,*,*,False,*,*
この,此の,コノ,この,連体詞,*,*,*,*,*,False,*,*
機能,機能,キノウ,機能,名詞,普通名詞,サ変可能,*,*,*,False,*,*
Cookie,cookie,クッキー,cookie,名詞,普通名詞,一般,*,*,*,False,*,*
無効,無効,ムコウ,無効,名詞,普通名詞,形状詞可能,*,*,*,False,*,*
する,為る,スル,する,動詞,非自立可能,*,*,サ行変格,連体形-一般,False,*,*
収集,収集,シュウシュウ,収集,名詞,普通名詞,サ変可能,*,*,*,False,*,*
拒否,拒否,キョヒ,拒否,名詞,普通名詞,サ変可能,*,*,*,False,*,*
する,為る,スル,する,動詞,非自立可能,*,*,サ行変格,連体形-一般,False,*,*
出来,出来る,デキ,出来る,動詞,非自立可能,*,*,上一段-カ行,連用形-一般,False,*,*
、,、,、,、,補助記号,読点,*,*,*,*,False,*,*
お,御,オ,お,接頭辞,*,*,*,*,*,False,*,*
使い,使い,ツカイ,使い,名詞,普通名詞,一般,*,*,*,False,*,*
ブラウザ,ブラウザ,ブラウザ,ブラウザ,名詞,普通名詞,一般,*,*,*,False,*,*
設定,設定,セッテイ,設定,名詞,普通名詞,サ変可能,*,*,*,False,*,*
ご,御,ゴ,ご,接頭辞,*,*,*,*,*,False,*,*
確認,確認,カクニン,確認,名詞,普通名詞,サ変可能,*,*,*,False,*,*
ください,下さる,クダサイ,くださる,動詞,非自立可能,*,*,五段-ラ行,命令形,False,*,*
。,。,。,。,補助記号,句点,*,*,*,*,False,*,*
この,此の,コノ,この,連体詞,*,*,*,*,*,False,*,*
規約,規約,キヤク,規約,名詞,普通名詞,一般,*,*,*,False,*,*
関し,関する,カンシ,関する,動詞,一般,*,*,サ行変格,連用形-一般,False,*,*
、,、,、,、,補助記号,読点,*,*,*,*,False,*,*
詳しく,詳しい,クワシク,詳しい,形容詞,一般,*,*,形容詞,連用形-一般,False,*,*
ここ,此処,ココ,ここ,代名詞,*,*,*,*,*,False,*,*
クリック,クリック,クリック,クリック,名詞,普通名詞,サ変可能,*,*,*,False,*,*
し,為る,シ,する,動詞,非自立可能,*,*,サ行変格,連用形-一般,False,*,*
ください,下さる,クダサイ,くださる,動詞,非自立可能,*,*,五段-ラ行,命令形,False,*,*
。,。,。,。,補助記号,句点,*,*,*,*,False,*,*
IPアドレス,IPアドレス,アイピーアドレス,IPアドレス,名詞,普通名詞,一般,*,*,*,False,IP-アドレス,IP-アドレス
つい,つく,ツイ,つく,動詞,一般,*,*,五段-カ行,連用形-イ音便,False,*,*
当,当,トウ,当,接頭辞,*,*,*,*,*,False,*,*
サイト,サイト,サイト,サイト,名詞,普通名詞,一般,*,*,*,False,*,*
、,、,、,、,補助記号,読点,*,*,*,*,False,*,*
ブラウザ,ブラウザ,ブラウザ,ブラウザ,名詞,普通名詞,一般,*,*,*,False,*,*
送信,送信,ソウシン,送信,名詞,普通名詞,サ変可能,*,*,*,False,*,*
さ,為る,サ,する,動詞,非自立可能,*,*,サ行変格,未然形-サ,False,*,*
IPアドレス,IPアドレス,アイピーアドレス,IPアドレス,名詞,普通名詞,一般,*,*,*,False,IP-アドレス,IP-アドレス
情報,情報,ジョウホウ,情報,名詞,普通名詞,一般,*,*,*,False,*,*
アクセス解析,アクセス解析,アクセスカイセキ,アクセス解析,名詞,固有名詞,一般,*,*,*,False,アクセス-解析,アクセス-解析
ツール,ツール,ツール,ツール,名詞,普通名詞,一般,*,*,*,False,*,*
個人情報,個人情報,コジンジョウホウ,個人情報,名詞,普通名詞,一般,*,*,*,False,個人-情報,個人-情報
紐づか,紐付く,ヒモヅカ,紐づく,動詞,一般,*,*,五段-カ行,未然形-一般,False,*,紐-づか
形,形,カタチ,形,名詞,普通名詞,一般,*,*,*,False,*,*
記録,記録,キロク,記録,名詞,普通名詞,サ変可能,*,*,*,False,*,*
し,為る,シ,する,動詞,非自立可能,*,*,サ行変格,連用形-一般,False,*,*
い,居る,イ,いる,動詞,非自立可能,*,*,上一段-ア行,連用形-一般,False,*,*
。,。,。,。,補助記号,句点,*,*,*,*,False,*,*
免責,免責,メンセキ,免責,名詞,普通名詞,サ変可能,*,*,*,False,*,*
事項,事項,ジコウ,事項,名詞,普通名詞,一般,*,*,*,False,*,*
当社,当社,トウシャ,当社,名詞,普通名詞,一般,*,*,*,False,*,*
サイト,サイト,サイト,サイト,名詞,普通名詞,一般,*,*,*,False,*,*
掲載,掲載,ケイサイ,掲載,名詞,普通名詞,サ変可能,*,*,*,False,*,*
し,為る,シ,する,動詞,非自立可能,*,*,サ行変格,連用形-一般,False,*,*
いる,居る,イル,いる,動詞,非自立可能,*,*,上一段-ア行,連体形-一般,False,*,*
画像,画像,ガゾウ,画像,名詞,普通名詞,一般,*,*,*,False,*,*
著作権,著作権,チョサクケン,著作権,名詞,普通名詞,一般,*,*,*,False,*,著作-権
肖像権,肖像権,ショウゾウケン,肖像権,名詞,普通名詞,一般,*,*,*,False,*,肖像-権
等,等,トウ,等,接尾辞,名詞的,一般,*,*,*,False,*,*
各,各,カク,各,接頭辞,*,*,*,*,*,False,*,*
権利,権利,ケンリ,権利,名詞,普通名詞,一般,*,*,*,False,*,*
所有者,所有者,ショユウシャ,所有者,名詞,普通名詞,一般,*,*,*,False,*,所有-者
帰属,帰属,キゾク,帰属,名詞,普通名詞,サ変可能,*,*,*,False,*,*
致し,致す,イタシ,致す,動詞,非自立可能,*,*,五段-サ行,連用形-一般,False,*,*
。,。,。,。,補助記号,句点,*,*,*,*,False,*,*
記事,記事,キジ,記事,名詞,普通名詞,一般,*,*,*,False,*,*
内容,内容,ナイヨウ,内容,名詞,普通名詞,一般,*,*,*,False,*,*
掲載,掲載,ケイサイ,掲載,名詞,普通名詞,サ変可能,*,*,*,False,*,*
画像,画像,ガゾウ,画像,名詞,普通名詞,一般,*,*,*,False,*,*
等,等,トウ,等,接尾辞,名詞的,一般,*,*,*,False,*,*
問題,問題,モンダイ,問題,名詞,普通名詞,一般,*,*,*,False,*,*
ござい,御座る,ゴザイ,ござる,動詞,非自立可能,*,*,五段-ラ行,連用形-イ音便,False,*,*
、,、,、,、,補助記号,読点,*,*,*,*,False,*,*
各,各,カク,各,接頭辞,*,*,*,*,*,False,*,*
権利,権利,ケンリ,権利,名詞,普通名詞,一般,*,*,*,False,*,*
所有者,所有者,ショユウシャ,所有者,名詞,普通名詞,一般,*,*,*,False,*,所有-者
様,様,サマ,様,接尾辞,名詞的,一般,*,*,*,False,*,*
本人,本人,ホンニン,本人,名詞,普通名詞,一般,*,*,*,False,*,*
直接,直接,チョクセツ,直接,副詞,*,*,*,*,*,False,*,*
メール,メール,メール,メール,名詞,普通名詞,サ変可能,*,*,*,False,*,*
ご,御,ゴ,ご,接頭辞,*,*,*,*,*,False,*,*
連絡,連絡,レンラク,連絡,名詞,普通名詞,サ変可能,*,*,*,False,*,*
下さい,下さる,クダサイ,下さる,動詞,非自立可能,*,*,五段-ラ行,命令形,False,*,*
。,。,。,。,補助記号,句点,*,*,*,*,False,*,*
確認,確認,カクニン,確認,名詞,普通名詞,サ変可能,*,*,*,False,*,*
後,後,ゴ,後,接尾辞,名詞的,副詞可能,*,*,*,False,*,*
、,、,、,、,補助記号,読点,*,*,*,*,False,*,*
対応,対応,タイオウ,対応,名詞,普通名詞,サ変可能,*,*,*,False,*,*
さ,為る,サ,する,動詞,非自立可能,*,*,サ行変格,未然形-サ,False,*,*
頂き,頂く,イタダキ,頂く,動詞,非自立可能,*,*,五段-カ行,連用形-一般,False,*,*
。,。,。,。,補助記号,句点,*,*,*,*,False,*,*
当社,当社,トウシャ,当社,名詞,普通名詞,一般,*,*,*,False,*,*
サイト,サイト,サイト,サイト,名詞,普通名詞,一般,*,*,*,False,*,*
リンク,リンク,リンク,リンク,名詞,普通名詞,サ変可能,*,*,*,False,*,*
バナー,バナー,バナー,バナー,名詞,普通名詞,一般,*,*,*,False,*,*
よっ,よる,ヨッ,よる,動詞,一般,*,*,五段-ラ行,連用形-促音便,False,*,*
他,他,ホカ,他,名詞,普通名詞,副詞可能,*,*,*,False,*,*
サイト,サイト,サイト,サイト,名詞,普通名詞,一般,*,*,*,False,*,*
移動,移動,イドウ,移動,名詞,普通名詞,サ変可能,*,*,*,False,*,*
さ,為る,サ,する,動詞,非自立可能,*,*,サ行変格,未然形-サ,False,*,*
場合,場合,バアイ,場合,名詞,普通名詞,副詞可能,*,*,*,False,*,*
、,、,、,、,補助記号,読点,*,*,*,*,False,*,*
移動先,移動先,イドウサキ,移動先,名詞,普通名詞,一般,*,*,*,False,*,移動-先
サイト,サイト,サイト,サイト,名詞,普通名詞,一般,*,*,*,False,*,*
提供,提供,テイキョウ,提供,名詞,普通名詞,サ変可能,*,*,*,False,*,*
さ,為る,サ,する,動詞,非自立可能,*,*,サ行変格,未然形-サ,False,*,*
情報,情報,ジョウホウ,情報,名詞,普通名詞,一般,*,*,*,False,*,*
、,、,、,、,補助記号,読点,*,*,*,*,False,*,*
サービス,サービス,サービス,サービス,名詞,普通名詞,サ変可能,*,*,*,False,*,*
等,等,トウ,等,接尾辞,名詞的,一般,*,*,*,False,*,*
つい,つく,ツイ,つく,動詞,一般,*,*,五段-カ行,連用形-イ音便,False,*,*
一切,一切,イッサイ,一切,名詞,普通名詞,副詞可能,*,*,*,False,*,*
責任,責任,セキニン,責任,名詞,普通名詞,一般,*,*,*,False,*,*
負い,負う,オイ,負う,動詞,一般,*,*,五段-ワア行,連用形-一般,False,*,*
。,。,。,。,補助記号,句点,*,*,*,*,False,*,*
当社,当社,トウシャ,当社,名詞,普通名詞,一般,*,*,*,False,*,*
サイト,サイト,サイト,サイト,名詞,普通名詞,一般,*,*,*,False,*,*
コンテンツ,コンテンツ,コンテンツ,コンテンツ,名詞,普通名詞,一般,*,*,*,False,*,*
情報,情報,ジョウホウ,情報,名詞,普通名詞,一般,*,*,*,False,*,*
つき,つく,ツキ,つく,動詞,一般,*,*,五段-カ行,連用形-一般,False,*,*
、,、,、,、,補助記号,読点,*,*,*,*,False,*,*
可能,可能,カノウ,可能,形状詞,一般,*,*,*,*,False,*,*
限り,限り,カギリ,限り,名詞,普通名詞,副詞可能,*,*,*,False,*,*
正確,正確,セイカク,正確,名詞,普通名詞,形状詞可能,*,*,*,False,*,*
情報,情報,ジョウホウ,情報,名詞,普通名詞,一般,*,*,*,False,*,*
掲載,掲載,ケイサイ,掲載,名詞,普通名詞,サ変可能,*,*,*,False,*,*
する,為る,スル,する,動詞,非自立可能,*,*,サ行変格,連体形-一般,False,*,*
努め,努める,ツトメ,努める,動詞,一般,*,*,下一段-マ行,連用形-一般,False,*,*
おり,おる,オリ,おる,動詞,非自立可能,*,*,五段-ラ行,連用形-一般,False,*,*
、,、,、,、,補助記号,読点,*,*,*,*,False,*,*
誤情報,誤情報,ゴジョウホウ,誤情報,名詞,固有名詞,一般,*,*,*,False,誤-情報,誤-情報
入り込ん,入り込む,ハイリコン,入り込む,動詞,一般,*,*,五段-マ行,連用形-撥音便,False,*,入り-込ん
、,、,、,、,補助記号,読点,*,*,*,*,False,*,*
情報,情報,ジョウホウ,情報,名詞,普通名詞,一般,*,*,*,False,*,*
古く,古い,フルク,古い,形容詞,一般,*,*,形容詞,連用形-一般,False,*,*
なっ,成る,ナッ,なる,動詞,非自立可能,*,*,五段-ラ行,連用形-促音便,False,*,*
いる,居る,イル,いる,動詞,非自立可能,*,*,上一段-ア行,連体形-一般,False,*,*
ござい,御座る,ゴザイ,ござる,動詞,非自立可能,*,*,五段-ラ行,連用形-イ音便,False,*,*
。,。,。,。,補助記号,句点,*,*,*,*,False,*,*
当社,当社,トウシャ,当社,名詞,普通名詞,一般,*,*,*,False,*,*
サイト,サイト,サイト,サイト,名詞,普通名詞,一般,*,*,*,False,*,*
掲載,掲載,ケイサイ,掲載,名詞,普通名詞,サ変可能,*,*,*,False,*,*
さ,為る,サ,する,動詞,非自立可能,*,*,サ行変格,未然形-サ,False,*,*
内容,内容,ナイヨウ,内容,名詞,普通名詞,一般,*,*,*,False,*,*
よっ,よる,ヨッ,よる,動詞,一般,*,*,五段-ラ行,連用形-促音便,False,*,*
生じ,生じる,ショウジ,生ずる,動詞,一般,*,*,サ行変格,連用形-一般,False,*,*
損害,損害,ソンガイ,損害,名詞,普通名詞,一般,*,*,*,False,*,*
等,等,トウ,等,接尾辞,名詞的,一般,*,*,*,False,*,*
一切,一切,イッサイ,一切,名詞,普通名詞,副詞可能,*,*,*,False,*,*
責任,責任,セキニン,責任,名詞,普通名詞,一般,*,*,*,False,*,*
負い,負う,オイ,負う,動詞,一般,*,*,五段-ワア行,連用形-一般,False,*,*
かね,兼ねる,カネ,かねる,接尾辞,動詞的,*,*,下一段-ナ行,未然形-一般,False,*,*
ご,御,ゴ,ご,接頭辞,*,*,*,*,*,False,*,*
了承,了承,リョウショウ,了承,名詞,普通名詞,サ変可能,*,*,*,False,*,*
ください,下さる,クダサイ,くださる,動詞,非自立可能,*,*,五段-ラ行,命令形,False,*,*
。,。,。,。,補助記号,句点,*,*,*,*,False,*,*
プライバシーポリシー,プライバシーポリシー,プライバシーポリシー,プライバシーポリシー,名詞,固有名詞,一般,*,*,*,False,プライバシー-ポリシー,プライバシー-ポリシー
変更,変更,ヘンコウ,変更,名詞,普通名詞,サ変可能,*,*,*,False,*,*
つい,つく,ツイ,つく,動詞,一般,*,*,五段-カ行,連用形-イ音便,False,*,*
当社,当社,トウシャ,当社,名詞,普通名詞,一般,*,*,*,False,*,*
サイト,サイト,サイト,サイト,名詞,普通名詞,一般,*,*,*,False,*,*
、,、,、,、,補助記号,読点,*,*,*,*,False,*,*
個人情報,個人情報,コジンジョウホウ,個人情報,名詞,普通名詞,一般,*,*,*,False,個人-情報,個人-情報
関し,関する,カンシ,関する,動詞,一般,*,*,サ行変格,連用形-一般,False,*,*
適用,適用,テキヨウ,適用,名詞,普通名詞,サ変可能,*,*,*,False,*,*
さ,為る,サ,する,動詞,非自立可能,*,*,サ行変格,未然形-サ,False,*,*
日本,日本,ニッポン,日本,名詞,固有名詞,地名,国,*,*,False,*,*
法令,法令,ホウレイ,法令,名詞,普通名詞,一般,*,*,*,False,*,*
遵守,順守,ジュンシュ,遵守,名詞,普通名詞,サ変可能,*,*,*,False,*,*
する,為る,スル,する,動詞,非自立可能,*,*,サ行変格,終止形-一般,False,*,*
、,、,、,、,補助記号,読点,*,*,*,*,False,*,*
本,本,ホン,本,接頭辞,*,*,*,*,*,False,*,*
ポリシー,ポリシー,ポリシー,ポリシー,名詞,普通名詞,一般,*,*,*,False,*,*
内容,内容,ナイヨウ,内容,名詞,普通名詞,一般,*,*,*,False,*,*
適宜,適宜,テキギ,適宜,副詞,*,*,*,*,*,False,*,*
見直し,見直し,ミナオシ,見直し,名詞,普通名詞,一般,*,*,*,False,*,*
その,其の,ソノ,その,連体詞,*,*,*,*,*,False,*,*
改善,改善,カイゼン,改善,名詞,普通名詞,サ変可能,*,*,*,False,*,*
努め,努める,ツトメ,努める,動詞,一般,*,*,下一段-マ行,連用形-一般,False,*,*
。,。,。,。,補助記号,句点,*,*,*,*,False,*,*
修正,修正,シュウセイ,修正,名詞,普通名詞,サ変可能,*,*,*,False,*,*
さ,為る,サ,する,動詞,非自立可能,*,*,サ行変格,未然形-サ,False,*,*
最新,最新,サイシン,最新,名詞,普通名詞,一般,*,*,*,False,*,*
プライバシーポリシー,プライバシーポリシー,プライバシーポリシー,プライバシーポリシー,名詞,固有名詞,一般,*,*,*,False,プライバシー-ポリシー,プライバシー-ポリシー
常,常,ツネ,常,名詞,普通名詞,一般,*,*,*,False,*,*
本,本,ホン,本,接頭辞,*,*,*,*,*,False,*,*
ページ,ページ,ページ,ページ,名詞,普通名詞,助数詞可能,*,*,*,False,*,*
開示,開示,カイジ,開示,名詞,普通名詞,サ変可能,*,*,*,False,*,*
さ,為る,サ,する,動詞,非自立可能,*,*,サ行変格,未然形-サ,False,*,*
。,。,。,。,補助記号,句点,*,*,*,*,False,*,*
個人情報,個人情報,コジンジョウホウ,個人情報,名詞,普通名詞,一般,*,*,*,False,個人-情報,個人-情報
管理責任者,管理責任者,カンリセキニンシャ,管理責任者,名詞,普通名詞,一般,*,*,*,False,管理-責任者,管理-責任-者
ForTheEath,fortheeath,fortheeath,fortheeath,名詞,普通名詞,一般,*,*,*,True,*,*
株式会社,株式会社,カブシキガイシャ,株式会社,名詞,普通名詞,一般,*,*,*,False,株式-会社,株式-会社
当該,当該,トウガイ,当該,名詞,普通名詞,一般,*,*,*,False,*,*
サービス,サービス,サービス,サービス,名詞,普通名詞,サ変可能,*,*,*,False,*,*
担当,担当,タントウ,担当,名詞,普通名詞,サ変可能,*,*,*,False,*,*
取締役,取締役,トリシマリヤク,取締役,名詞,普通名詞,一般,*,*,*,False,*,取締-役
個人情報,個人情報,コジンジョウホウ,個人情報,名詞,普通名詞,一般,*,*,*,False,個人-情報,個人-情報
関する,関する,カンスル,関する,動詞,一般,*,*,サ行変格,連体形-一般,False,*,*
お,御,オ,お,接頭辞,*,*,*,*,*,False,*,*
問い合わせ,問い合わせ,トイアワセ,問い合わせ,名詞,普通名詞,サ変可能,*,*,*,False,*,*
こちら,此方,コチラ,こちら,代名詞,*,*,*,*,*,False,*,*
制定,制定,セイテイ,制定,名詞,普通名詞,サ変可能,*,*,*,False,*,*
2018,2018,ニレイイチハチ,2018,名詞,数詞,*,*,*,*,True,*,*
年,年,ネン,年,名詞,普通名詞,助数詞可能,*,*,*,False,*,*
8,8,ハチ,8,名詞,数詞,*,*,*,*,False,*,*
月,月,ガツ,月,名詞,普通名詞,助数詞可能,*,*,*,False,*,*
1日,一日,ツイタチ,1日,名詞,普通名詞,副詞可能,*,*,*,False,*,*
制定,制定,セイテイ,制定,名詞,普通名詞,サ変可能,*,*,*,False,*,*
改訂,改訂,カイテイ,改訂,名詞,普通名詞,サ変可能,*,*,*,False,*,*
2019,2019,ニレイイチキュウ,2019,名詞,数詞,*,*,*,*,True,*,*
年,年,ネン,年,名詞,普通名詞,助数詞可能,*,*,*,False,*,*
10,10,イチレイ,10,名詞,数詞,*,*,*,*,True,*,*
月,月,ガツ,月,名詞,普通名詞,助数詞可能,*,*,*,False,*,*
20,20,ニレイ,20,名詞,数詞,*,*,*,*,True,*,*
日,日,ニチ,日,名詞,普通名詞,助数詞可能,*,*,*,False,*,*
改訂,改訂,カイテイ,改訂,名詞,普通名詞,サ変可能,*,*,*,False,*,*
2021,2021,ニレイニイチ,2021,名詞,数詞,*,*,*,*,True,*,*
年,年,ネン,年,名詞,普通名詞,助数詞可能,*,*,*,False,*,*
11,11,イチイチ,11,名詞,数詞,*,*,*,*,True,*,*
月,月,ガツ,月,名詞,普通名詞,助数詞可能,*,*,*,False,*,*
1日,一日,ツイタチ,1日,名詞,普通名詞,副詞可能,*,*,*,False,*,*
改訂,改訂,カイテイ,改訂,名詞,普通名詞,サ変可能,*,*,*,False,*,*
2021,2021,ニレイニイチ,2021,名詞,数詞,*,*,*,*,True,*,*
年,年,ネン,年,名詞,普通名詞,助数詞可能,*,*,*,False,*,*
12,12,イチニ,12,名詞,数詞,*,*,*,*,True,*,*
月,月,ガツ,月,名詞,普通名詞,助数詞可能,*,*,*,False,*,*
24,24,ニヨン,24,名詞,数詞,*,*,*,*,True,*,*
日,日,カ,日,接尾辞,名詞的,助数詞,*,*,*,False,*,*
改訂,改訂,カイテイ,改訂,名詞,普通名詞,サ変可能,*,*,*,False,*,*
2023,2023,ニレイニサン,2023,名詞,数詞,*,*,*,*,True,*,*
年,年,ネン,年,名詞,普通名詞,助数詞可能,*,*,*,False,*,*
6,6,ロク,6,名詞,数詞,*,*,*,*,False,*,*
月,月,ガツ,月,名詞,普通名詞,助数詞可能,*,*,*,False,*,*
15,15,イチイツ,15,名詞,数詞,*,*,*,*,True,*,*
日,日,カ,日,接尾辞,名詞的,助数詞,*,*,*,False,*,*
Copyright,コピーライト,コピーライト,Copyright,名詞,普通名詞,一般,*,*,*,False,*,*
C,c,c,c,名詞,普通名詞,一般,*,*,*,True,*,*
For,フォー,フォー,for,名詞,普通名詞,一般,*,*,*,False,*,*
The,ザ,ザ,THE,名詞,普通名詞,一般,*,*,*,False,*,*
Earth,アース,アース,Earth,名詞,普通名詞,サ変可能,*,*,*,False,*,*
.,.,．,.,補助記号,句点,*,*,*,*,False,*,*
Inc,INC,インク,INC,名詞,普通名詞,一般,*,*,*,False,*,*
